account,SW
1BtcBoSSnqe8mFJCUEyCNmo3EcF8Yzhpnc,SA
1AQp51H22WHDzLgK64NoUo3Bg3T183QR22,SA
1BsjsaHST2Qohs8ZHxNHeZ1UfWhtxoKHEN,SA
1zmeu5BeWBprWyPv5ntNZKR7uThXaG9ic,SA
1AXTqWYz1Bd3LZnq1Zf9vsgFBpqrKkHopx,SA
1A88teD6QqXRHBMCyCkoxxBQHpJAztUz6e,SA
18Smkvyf3gJN4z59FhjJsCu6NhSYmZkNvG,SA
1AFjgfnUhAYp4eh2GhbbLkCXY5xK25qJmQ,SA
1EvUGU4fstwX1nGif9HsBfHLpwkw2kYv3g,WA
19k5ey65q3g44GTG3ZaKYjPEkdSshq1vjg,WA
1MHwLU6hqHi7HcZENp4XsZQkYb2nNWGBLf,WA
1HepvEVnkMNCJ5iD7RHJVyk1ZiXzUM9PcQ,WA
31murN3u4dvWjVLEdSQRnhnPeuorxAxcer,WA
16AtJb3RD7uGGK7Criteih3oSJxPWsbRkV,WA
1NNaXvkzkGFLwjs3BkmGYGVirDhHot9wvg,WA
